user,openness,o_raw,o_sign,conscientiousness,c_raw,c_sign,extraversion,e_raw,e_sign,agreeableness,a_raw,a_sign,neuroticism,n_raw,n_sign
grussell,0.9698338960010672,0.8086217286956247,True,0.33860397858520286,0.608635531241567,True,0.12554654022649103,0.49979173623488793,True,6.505322103284028e-05,0.590087271185189,True,0.10241778509373795,0.44562105097108906,True
mark.pollack,0.9447681437424812,0.7996105279003519,True,0.5252659712643525,0.6310068589609712,True,0.07224766587671239,0.4858890320644867,True,0.0002857491226014308,0.6052522315201716,True,0.23365895577669032,0.48674776627533,True
david_geary,0.9652254390849401,0.8065936734494622,True,0.5548054636773737,0.6344786693277791,True,0.3099613279167702,0.5288746369423794,True,0.002316286924327504,0.6296321651127558,True,0.6577081358847525,0.5728761077039456,True
dturanski,0.9625993102022496,0.8055351194717144,True,0.48259116627833193,0.6260150691640487,True,0.09732763671763117,0.49313248987589703,True,0.0002984097011375919,0.6057188155119446,True,0.11495726457757482,0.4507379469731537,True
sabby,0.8231345832877593,0.7782599467028055,True,0.3491041389552034,0.6099664697307671,True,0.0963812291619251,0.4928861492293508,True,0.0004611102391454125,0.6104820662630124,True,0.3141821718587118,0.5052053356051663,True
thomas.risberg,0.9562209639708084,0.8031962152300561,True,0.40654586478590743,0.617023269739007,True,0.0717097372033147,0.48571403932509677,True,8.922733653560222e-05,0.5932097766429465,True,0.44869080360437574,0.5321947411757447,True
hillert,0.9108638783612115,0.7916282377462107,True,0.43206480052751406,0.6200698333030022,True,0.06237363259812895,0.48250231214838446,True,0.0002958782583075137,0.6056270170991134,True,0.18060208498437513,0.4725922964010477,True
mbogoevici,0.9898351284639433,0.8227285183616562,True,0.3345549970109769,0.608118112625673,True,0.12407139680426021,0.4994716199624369,True,0.00012133662641461429,0.59630434364658,True,0.4194037430387493,0.5265355834579116,True
grenfro,0.9166732192444741,0.7928077093259817,True,0.6497459364532613,0.6459906916996775,True,0.025506095215933333,0.4639287150380802,True,8.796006661249134e-05,0.593067159467315,True,0.22035169616762185,0.4833913079340787,True
mark.fisher,0.9919073999895985,0.8254265398449443,True,0.5470254710739796,0.6335616063827615,True,0.030845530292158252,0.46762656007151715,True,0.0007325523302757486,0.6157189840182191,True,0.31758090880192413,0.5059317334608598,True
mminella,0.9600674500718214,0.804570579490432,True,0.5300745657723263,0.6315703973881617,True,0.16627119266903762,0.5077656483340056,True,0.002723905811454541,0.631709043669777,True,0.08127142207608523,0.4358399677040209,True
eric.bottard,0.9850980716659105,0.8180187236649261,True,0.35702106037825937,0.6109602648956246,True,0.0997830531041996,0.4937635242085207,True,0.00015384610458846204,0.5987347131612292,True,0.15950069365438407,0.4662497934447257,True
iperumal,0.8865533233326872,0.7872321198297124,True,0.38368237078391404,0.6142535363412539,True,0.09786005061163588,0.49327030026577556,True,6.504840303450665e-05,0.5900865460031737,True,0.7426279149723536,0.5915185873852676,True
kdowbecki,0.9781371903883735,0.8130389167126341,True,0.7071221529909204,0.6534701211686419,True,0.1363733898782324,0.5020648379431316,True,0.0023376326110491896,0.6297488392565217,True,0.12259074505555384,0.45366037543802074,True
thomasd,0.9794646718842116,0.8138723468339191,True,0.46093347155980857,0.6234763625641694,True,0.09084234767482291,0.4914075299923672,True,0.0005365417014189244,0.6121759928385754,True,0.1156011159671117,0.45098965525365864,True
cnurse,0.9843621889990034,0.8174076711801,True,0.5595458571051095,0.6350386390513848,True,0.1628883204619201,0.5071565075813567,True,0.0015889418117772114,0.6249230412252109,True,0.269121159003041,0.495213907199369,True
george.alatrash,0.9920044947128859,0.825567282877001,True,0.525209833810426,0.6310002826957101,True,0.21930497237602942,0.5164432805175652,True,0.003516073752458715,0.6350472526380788,True,0.015243512687864669,0.3775273849156283,True
jbrinkman,0.9931718655470223,0.8273890053940585,True,0.5860372030213874,0.6381889921990187,True,0.25915768611350015,0.5221817957884763,True,0.00036113262174480854,0.6077888704447175,True,0.03620066938082356,0.4054333488686991,True
tony.sandhu,0.7852939530266788,0.7738802630200448,True,0.26466193616872324,0.5987121145741003,True,0.1411203567630357,0.5030224406252309,True,0.0026339620492216165,0.6312761780973692,True,0.646772549181616,0.5706265086407049,True
zyhfish,0.9399915322481642,0.7982884443820131,True,0.21462044014958503,0.5911818153055737,True,0.1082842167735576,0.49586459170334474,True,0.0015047013994500813,0.6242555673266503,True,0.5749126595309139,0.5563567984056993,True
brucerchapman,0.982676454497952,0.8160958281388709,True,0.6046775425853805,0.6404329030036955,True,0.0773261124818081,0.4874938733032692,True,0.0013462284296274496,0.6229017973945545,True,0.6455509339416933,0.5703767915488894,True
agx,0.9911124288362358,0.8243268773326828,True,0.5266845865046743,0.6311730635952325,True,0.09826537296584503,0.4933748461813437,True,0.00011714121135136812,0.5959471310743414,True,0.12591678493081832,0.4548937503810938,True
mohit,0.939705676161863,0.7982119814402898,True,0.419050111577409,0.61852115357405,True,0.15681651991198942,0.5060421757133547,True,0.0007917660676152738,0.6166168335825024,True,0.18640405817083033,0.4742529859232588,True
Alexey.tregub,0.8884238660701922,0.7875446349471171,True,0.4363754333698986,0.6205807587323836,True,0.029128333872447065,0.4664997319456535,True,0.00036089817615692077,0.6077817767454528,True,0.8810337965436347,0.6317070939348474,True
thecrispy1,0.945951033596135,0.7999517963754851,True,0.43228540541701976,0.6200960036338887,True,0.12391823810097857,0.4994382312738097,True,0.0002263324951802259,0.6027669518943845,True,0.35628370479222693,0.5139940300474434,True
ashish.prasad,0.9582273618571384,0.803900327700418,True,0.37907962695203534,0.6136903370247841,True,0.09551651013213047,0.4926595124364221,True,0.0003937530255810895,0.6087364463781647,True,0.2245788256706479,0.4844696261751137,True
KenGrierson,0.8935547852919254,0.7884216022873503,True,0.3030656799886202,0.6040028177510564,True,0.06276875182807534,0.48264555064072706,True,0.0010687750578020627,0.6201350765297747,True,0.7937961862892586,0.60430373329388,True
bing.wu,0.9610457063637907,0.8049371841213623,True,0.30901471137198033,0.6047937720455795,True,0.05471991277710658,0.4795764701422377,True,0.0007566831330917401,0.6160926709273801,True,0.7656168425943507,0.5970690488214577,True
dukesb11,0.9898886114995498,0.8227918238045149,True,0.4787439981833005,0.6255647612398907,True,0.06456973829300078,0.4832896878191879,True,0.000392181475364628,0.6086924964478007,True,0.29702391449724896,0.5014845434565712,True
francesco.rivola,0.9909496951544834,0.824112471615688,True,0.5531514164785335,0.6342835032058506,True,0.15231979280220076,0.505198492161905,True,0.00010231635684965212,0.5945807070242755,True,0.08314162955927185,0.4367768056236597,True
leupold,0.9145651381525539,0.7923727927775503,True,0.42668687647770426,0.6194310523623965,True,0.16793870603671335,0.5080629650233202,True,0.004058975004386789,0.6369631721072072,True,0.33164319800081626,0.5089033943493154,True
agrueso,0.9604405851580755,0.8047095420318687,True,0.435300390668322,0.6204534236505347,True,0.13082826675224518,0.5009168759778281,True,0.000888780340358275,0.6179622129020996,True,0.43915944246628796,0.530360462688717,True
pedro.berna,0.9903670917942838,0.8233715688377964,True,0.4989296048002191,0.6279258631133297,True,0.09259200514385052,0.4918816360698523,True,0.0005226533410382928,0.6118814069651549,True,0.08393199961902181,0.4371679608197153,True
robert.cui,0.8369882446193962,0.7800088322315354,True,0.4697055379146097,0.6245058294885966,True,0.11457211672683737,0.4973433399713545,True,0.003663706742374928,0.6355931740500695,True,0.5431534231957654,0.55023663478766,True
cathal,0.998021175305951,0.8406494115123881,True,0.37998647950309883,0.6138014641613253,True,0.07824297269460684,0.4877749976842324,True,0.00016595873358005164,0.5995183402112185,True,0.37807043564917725,0.5183919985146351,True
ingo,0.9469165890296559,0.8002347727473779,True,0.3240650962949766,0.6067659249473323,True,0.009184931733251356,0.44578029923068074,True,7.548708194915488e-06,0.5701700292448736,True,0.548182358277394,0.551201169281286,True
cwilliams,0.9360314570924757,0.7972535331935143,True,0.413468463954214,0.6178538340691319,True,0.03552892217377479,0.4704557876227409,True,2.0782470083913207e-05,0.5792602359241181,True,0.41499581647575046,0.5256771463360982,True
mxia,0.9487961546735435,0.8007975413196244,True,0.357132547795742,0.6109742033785253,True,0.011388653164450369,0.44939159554976216,True,3.6400229569966136e-06,0.5638860327195674,True,0.47983222535511194,0.5381538250807812,True
dhyde,0.8264765214688619,0.7786735794974337,True,0.24278668502729356,0.5955252301939861,True,0.00427602847297226,0.43367023214144595,True,5.5655733807724594e-06,0.5675190456263859,True,0.7799972229193776,0.6006945922436285,True
cheadley,0.9369583660077291,0.7974911914020694,True,0.18559958476656563,0.586343384013017,True,0.013178188279308278,0.4519007493880143,True,1.4226902022629329e-05,0.5758056925829175,True,0.8629320702726737,0.6251256280357728,True
jwitt,0.9913128560591684,0.824595724476725,True,0.3151545814151413,0.6056031475587088,True,0.05943484538894539,0.48141409367838617,True,0.0005170106128498664,0.6117596453421063,True,0.7824890048702451,0.6013363761285196,True
sgibly,0.9473870027333735,0.8003741180118564,True,0.4973461379100777,0.6277407358375345,True,0.02057751693313814,0.459886377689534,True,3.7261469058802454e-05,0.5847161676165014,True,0.5453654823306171,0.5506607284377493,True
nle,0.9822272248855901,0.8157647187072665,True,0.36074169210221485,0.6114246142682839,True,0.04545829400557233,0.4755663119664102,True,3.702369942415462e-05,0.5846554228422675,True,0.7195888538842707,0.5862092073867812,True
klindsey,0.981019359919338,0.8149085813594399,True,0.24018658714293062,0.5951364394466603,True,0.10738168030773942,0.49564732009910517,True,0.002132875418820346,0.6285874370820221,True,0.36136232768663495,0.5150270886795182,True
penrique,0.985032311663016,0.8179630764241179,True,0.333999475538223,0.6080469323123548,True,0.0041057637425230276,0.4330550416105876,True,4.1888725228811374e-05,0.5858306728663351,True,0.5712627644865057,0.5556494493153868,True
js84,0.9769857075456093,0.8123499200348386,True,0.6732508932054786,0.6489884438248958,True,0.045136385935239554,0.47541556509007993,True,0.00029701756195338325,0.605668422095312,True,0.12086911224753927,0.453012720465542,True
adam-mesos,0.9900883105380701,0.8230308107054122,True,0.5149788122220168,0.6298026082649613,True,0.05315411594687253,0.4789385615062065,True,0.00022533091270821037,0.602720045117353,True,0.29753336911671757,0.5015963843181493,True
avinash@mesosphere.io,0.9770787873273078,0.8124045217973775,True,0.5304371332034358,0.6316129079245889,True,0.28966110860505834,0.5262679483328732,True,0.00011270094889614946,0.5955557495994994,True,0.2513335679751696,0.491046390804056,True
jieyu,0.9865879994780216,0.8193399221867858,True,0.49807943043052666,0.6278264674241971,True,0.07186808649598964,0.4857656559305733,True,0.0001633150567897923,0.5993519841906804,True,0.3608649358581574,0.5149261354886624,True
greggomann,0.9964508501453957,0.8346050062007387,True,0.5722037570838072,0.6365390595103118,True,0.07250882862825542,0.4859736305934347,True,0.0008109361786893254,0.6168942786516867,True,0.1048309787244679,0.4466395678855809,True
bmahler,0.9551567179793323,0.8028332530916742,True,0.6439618157363178,0.645264692448336,True,0.03563053979728481,0.47051368651764724,True,0.00034394137031640293,0.6072570006235388,True,0.2342854503149842,0.4869031111693273,True
anandmazumdar,0.9642554844133311,0.8061953056849955,True,0.606096028165155,0.6406047723410421,True,0.04166524211163436,0.47373237283052083,True,0.00021272520689713525,0.6021124362892916,True,0.18199040472010392,0.47299266837694753,True
kaysoky,0.9965593365724641,0.83493501383328,True,0.6206602428973639,0.6423797869743422,True,0.04252773295827428,0.4741608845194585,True,0.0001306846424194985,0.5970603215700465,True,0.29832614608308694,0.5017702494228201,True
mcypark,0.9986992846549576,0.8447925201285101,True,0.5915225090356718,0.6388466447066162,True,0.34106374813454865,0.5327300365181118,True,0.0007293083704013048,0.6156678861167214,True,0.19773537015047543,0.477406605942979,True
vinodkone,0.8814501516753876,0.7863977758601183,True,0.5205118504806199,0.6304501287367992,True,0.05062532141899595,0.4778761119348547,True,0.00021785777491317715,0.6023637857825119,True,0.45845514900681894,0.5340679638545515,True
marco-mesos,0.9642391667761332,0.8061886801137697,True,0.7108998162210429,0.6539840336420524,True,0.004875822362500615,0.43567590347488694,True,0.00019568944142889233,0.6012355316810765,True,0.2770684184271601,0.49703067070034146,True
xujyan,0.9748168094484246,0.8111273814343696,True,0.46542592773071173,0.6240038323818141,True,0.04026194675838041,0.4730195564103228,True,0.0008894326015991272,0.6179707919786752,True,0.44318566297059947,0.5311360603407861,True
mariano.gonzalez,0.9945056970656672,0.8298435682889095,True,0.3637158180647695,0.6117946130338552,True,0.058930484189816,0.48122311684642255,True,1.62198437524963e-05,0.5769933184012046,True,0.03383623545029002,0.4031076847257621,True
dfeist,0.9811250373198002,0.8149816041419321,True,0.216424519780625,0.5914693871084228,True,0.23067667393199026,0.5181355167979436,True,0.0015228832279756133,0.6244024634851657,True,0.204104377818017,0.4791312086753988,True
alejandro.sequeira,0.9597828174576702,0.8044652847969188,True,0.42771446462837204,0.6195532289267646,True,0.06224059492300699,0.48245392417155514,True,2.567037730283328e-05,0.5812148060361922,True,0.08583087504798287,0.43809654329826964,True
alejandro.nosenzo,0.9803376539800405,0.8144456596237285,True,0.5635766284626625,0.6355155735296534,True,0.16848353979449465,0.5081596961981645,True,0.0002929824740801612,0.6055211056402129,True,0.002540710179703698,0.32902150237695105,True
pablo.kraan,0.9826491814373118,0.816075518444664,True,0.232844987913231,0.5940260537371441,True,0.03645886167098583,0.4709806626334636,True,4.603484766635413e-05,0.5867345208300235,True,0.11232608610530853,0.44969875051247976,True
plynch,0.971244092628434,0.8092935542487084,True,0.4934308678104258,0.627282964185753,True,0.03238784442295106,0.4685951877626282,True,0.00013673565934113618,0.5975230787071413,True,0.13635317267108193,0.45862264895142013,True
jtom,0.9796435045021197,0.8139880850155324,True,0.32391597623614066,0.6067465759749902,True,0.025932479745595927,0.46424662653250887,True,0.0007596642064119918,0.6161380710453651,True,0.15865294297261978,0.4659839404884222,True
rseddon,0.9427882896172644,0.799052028671804,True,0.37213327902891036,0.6128363589819349,True,0.010625654445720056,0.4482161988856862,True,0.00013000830788406637,0.5970073560585432,True,0.4531416491521072,0.5330492753087815,True
dsauble,0.9936552914474637,0.8282251327559408,True,0.5149550233047242,0.6297998251133857,True,0.1331563904522966,0.5014028477581982,True,0.0018197323951984479,0.6265989452452985,True,0.32951035166255405,0.5084560307039764,True
cstamas,0.9895550756828639,0.822401700335099,True,0.3380872323536026,0.6085696305274142,True,0.09601727139704452,0.4927909414334498,True,0.00014109122811051256,0.5978444408398416,True,0.15714756954249015,0.465509552483803,True
krobinson,0.9972030283556903,0.8371107052347079,True,0.4653782114272306,0.6239982327368909,True,0.10228927664615839,0.4943960240886626,True,0.0010398672547705656,0.6198099179678103,True,0.08006487355439645,0.4352269124898148,True
jhesse,0.9828682987986668,0.8162394676144575,True,0.42325905588583645,0.6190230637118986,True,0.04166753673690243,0.47373352235839183,True,0.0006884687848471294,0.6150060155373502,True,0.19116485250452314,0.4755918790258752,True
jdillon,0.9878466172028388,0.8205587592694201,True,0.4269283174541679,0.6194597641185086,True,0.030879147084861558,0.46764809518264416,True,0.00011522216889142678,0.5957797180027808,True,0.10032294416093118,0.44472265386879195,True
mprescott,0.9852744876966559,0.8181690598378684,True,0.4806427007719132,0.6257870292000204,True,0.10816577928491222,0.4958361542390831,True,0.00044560212373723207,0.6101021876329986,True,0.3124146227834485,0.5048262366877457,True
mcculls,0.9963326285997736,0.834255541804868,True,0.5851052631475395,0.6380774622989673,True,0.02587655190864241,0.4642051772530143,True,3.490485071239169e-05,0.5840971978247878,True,0.32319445036214933,0.5071243572499687,True
bdemers,0.9877077824597379,0.8204190881012318,True,0.5585111436907132,0.6349163280206694,True,0.056918248045592756,0.4804481620650871,True,0.0004919573850196146,0.6112037316802545,True,0.08413928935181747,0.4372700905312227,True
kota,0.7379156140352898,0.7689869850200545,True,0.14824270983271226,0.5793579582901863,True,0.04677298843515204,0.47617320487103926,True,8.933418639167634e-06,0.5716511392583086,True,0.9056422693161987,0.6419094840483494,True
fokkezb,0.9793221694591834,0.813780730858614,True,0.4347646535864771,0.6203899463611509,True,0.014205918794192252,0.4532112363795615,True,1.3857774379677501e-05,0.5755684766231879,True,0.3488050568433847,0.5124632395780372,True
hansknoechel,0.9607679509680701,0.804832339910976,True,0.3099616086179864,0.604919046325975,True,0.021280857993327296,0.4605101739877455,True,9.523180187814839e-05,0.5938606371010333,True,0.6196066592369681,0.5651403386777941,True
cng,0.9266530031199449,0.7949874020808708,True,0.2825577966694674,0.60122039666924,True,0.02217363176849818,0.46127734372736157,True,8.361747876811654e-05,0.5925633459291146,True,0.7086672812297932,0.583767270324825,True
wluu,0.7771327486688606,0.7729974041511033,True,0.25253805020659503,0.5969637480773204,True,0.002428991730085539,0.42533263589912684,True,1.0291958865815687e-05,0.5729051952151165,True,0.5910820844098537,0.5595063296090975,True
eharris,0.8810042072261652,0.7863260841943448,True,0.35611581121812913,0.6108470313399883,True,0.0041002834331690385,0.43303486386590045,True,2.5709058427692e-06,0.560960701923363,True,0.1483814076362548,0.4626856374276377,True
lchoudhary,0.7480845142939677,0.7699940073541477,True,0.3353249113413509,0.6082166869551929,True,0.0016449979702802264,0.41984596309762345,True,5.708768844536749e-06,0.5677385980965572,True,0.696988841269822,0.581202884862685,True
ewieber,0.8646340182070155,0.7838152580786398,True,0.2957916121080765,0.6030261751202592,True,0.0011434151258843395,0.4148949613814621,True,4.92894759174245e-07,0.5476215650582034,True,0.6555636534272087,0.572432883869927,True
cbarber,0.8803298187154479,0.7862180264889651,True,0.3221462650548263,0.6065166669788392,True,0.010713560998309668,0.4483552945036702,True,9.957659494908011e-06,0.5726119205172429,True,0.2905474575039122,0.5000549816606371,True
egomez,0.9678415209132487,0.8077155936379897,True,0.2535144493123188,0.5971061484516478,True,0.026993228230802746,0.4650189575520442,True,4.5086548856598796e-05,0.58653478331263,True,0.7126527734654368,0.5846532610439125,True
htbryant,0.7539926544454014,0.7705889253913661,True,0.37572295038534853,0.6132782888253114,True,0.003421358889261372,0.43032599703551255,True,0.00023339207147826668,0.6030921803110927,True,0.5674843891570911,0.5549184431763491,True
emerriman,0.9178419530217411,0.793052402677272,True,0.39465911244977775,0.6155887536284671,True,0.007173817244913949,0.44174799820422916,True,8.910745312262769e-05,0.5931963669402002,True,0.4957265529888233,0.5411839152537906,True
bhatfield,0.9261026768125564,0.7948615095735827,True,0.4875118646634612,0.6265907621527588,True,0.020781829214173375,0.46006941993889516,True,2.439588159602879e-05,0.5807416343783794,True,0.8488680636854742,0.6204130245923108,True
kkolipaka,0.8650589399905271,0.7838776932556162,True,0.17846039164784688,0.5850831970402859,True,0.010364566595442548,0.4477970830232434,True,4.979956368555971e-06,0.5665611254411731,True,0.7287797996575445,0.5883000528926748,True
jalter,0.961553168926707,0.805130318369712,True,0.5017073478935106,0.6282506133674028,True,0.011444259230636467,0.44947455282468685,True,4.050212927941832e-05,0.5855094426529118,True,0.41190521925802365,0.5250740198575355,True
pinnamuri,0.919137349508119,0.7933266982505598,True,0.30750687591990944,0.6045939384394456,True,0.020069457194763995,0.45942444339027066,True,2.4006991457548033e-06,0.560389563968097,True,0.3015335217932494,0.5024715328176667,True
mpmiranda,0.8675699702183313,0.7842494313160245,True,0.46377040637647254,0.6238095175387215,True,0.01182567137937196,0.45003431993230925,True,6.260863401746919e-05,0.5897126581402413,True,0.28334877779311207,0.4984483725554133,True
vchidambaram,0.9836622045126109,0.8168489114471245,True,0.34936161680675576,0.6099989174517955,True,0.16564945385110325,0.5076543002276782,True,0.0008141264347834576,0.6169398636116523,True,0.6853872969530882,0.578698830667013,True
oromero,0.7005631993213969,0.7654459342593241,True,0.3702289669207255,0.6126013630736381,True,0.0009389304825814793,0.412275967334806,True,1.4049499750701244e-05,0.5756924265987626,True,0.7750249246747268,0.5994262535282834,True
kvelummaylum,0.8374387065331035,0.7800672789897787,True,0.18896732570569102,0.5869273852873682,True,0.004317583457217278,0.4338170461288359,True,3.6316173542327856e-05,0.5844724586036845,True,0.9067263756942548,0.6424015796178407,True
fcasali,0.9384845910723594,0.7978885145044966,True,0.3491692794006724,0.6099746796478304,True,0.008756643085607363,0.44499164797381874,True,4.61823182408283e-05,0.5867652324246846,True,0.2886985917332528,0.4996441631311702,True
dsefton,0.9828160184188557,0.8162001880730813,True,0.1805908830541963,0.5854625168992157,True,0.015039873717220209,0.45421588190935114,True,2.5125643722812008e-06,0.5607691237937427,True,0.768618147693632,0.5978151848084335,True
joshroesslein,0.954165107999436,0.8025012528949693,True,0.497754888935056,0.627788524345073,True,0.02117230982537116,0.4604150516432993,True,0.0001084451468923997,0.5951667979708183,True,0.4331605995321271,0.5292025888580886,True
tpetrenko,0.8686251260378359,0.7844070873955634,True,0.3622093376518173,0.6116073273286784,True,0.025966938729023448,0.464272127578616,True,6.405143420484816e-06,0.568736536903249,True,0.43737134625955104,0.530015625709081,True
pdowsett,0.9582068934471097,0.8038930078716505,True,0.38987213619959415,0.615007782735039,True,0.021908569653293075,0.4610523382685051,True,9.464112297630223e-06,0.5721613308457945,True,0.17532056854702865,0.4710512397995975,True
lokeshchdhry,0.7303072732108882,0.7682466027202659,True,0.27032590573514814,0.5995148430300205,True,0.0004138333159919849,0.4018128993174373,True,3.72856820302081e-06,0.5640898557852296,True,0.30374617955710603,0.5029533668400757,True
dpandey,0.8824729830024243,0.7865629330446056,True,0.30093044387244483,0.6037172439871129,True,0.01783451418824894,0.4572662714809051,True,5.014234928391037e-05,0.5875570921104081,True,0.83467438662343,0.6159443596885102,True
